{"cameraMode":{"drawMode":0,"name":"Shaded","section":"Shading Mode"},"sceneLighting":true,"audioPlay":false,"sceneViewState":{"showFog":true,"showMaterialUpdate":false,"showSkybox":true,"showFlares":true,"showImageEffects":true,"showParticleSystems":true,"showVisualEffectGraphs":true,"m_FxEnabled":true},"in2DMode":false,"pivot":{"x":-0.04701042175292969,"y":-0.2096080780029297,"z":0.19881725311279298},"rotation":{"x":0.024963730946183206,"y":0.9359572529792786,"z":-0.06779664009809494,"w":0.3446246087551117},"size":7.144549369812012,"orthographic":true}